"last_name, first_name","player_id","team_id","team","position","age","competitive_runs","bolts","hp_to_1b","sprint_speed"
"Bolte, Henry",703607,133,"ATH","CF",22,"47","33","4.15","30.6"
"Mateo, Jorge",622761,144,"ATL","SS",31,"43","25","4.10","30.5"
"White, Eli",642201,144,"ATL","RF",32,"56","30","4.21","30.3"
"Witt Jr., Bobby",677951,118,"KC","SS",26,"117","62","4.16","30.3"
"Turner, Trea",607208,143,"PHI","SS",33,"109","49","4.24","30.1"
"McCarthy, Jake",664983,115,"COL","CF",28,"102","38","4.19","29.9"
"Buxton, Byron",621439,142,"MIN","CF",32,"79","29","4.16","29.9"
"Griffin, Konnor",804606,134,"PIT","SS",20,"93","38","4.27","29.9"
"Acuña, Luisangel",682668,145,"CWS","SS",24,"66","32","4.21","29.8"
"Troy, Tommy",694371,109,"AZ","LF",24,"34","14","4.17","29.8"
"Scott II, Victor",687363,138,"STL","CF",25,"70","29","4.16","29.7"
"Mitchell, Garrett",669003,158,"MIL","CF",27,"85","26","4.10","29.7"
"Ruiz, Esteury",665923,146,"MIA","LF",27,"24","9",,"29.7"
"Siri, Jose",642350,108,"LAA","CF",30,"28","11",,"29.7"
"Carroll, Corbin",682998,109,"AZ","RF",25,"111","32","4.12","29.7"
"Dunn, Blake",694362,113,"CIN","CF",27,"55","26","4.21","29.6"
"Simpson, Chandler",802415,139,"TB","LF",25,"151","59","3.97","29.6"
"Teodosio, Bryce",669326,108,"LAA","LF",27,"17","4","4.22","29.6"
"Nuñez, Nasim",683083,120,"WSH","2B",25,"93","32","4.14","29.6"
"Straw, Myles",664702,141,"TOR","CF",31,"49","17","4.17","29.6"
"Crawford, Justin",702222,143,"PHI","CF",22,"99","36","4.16","29.5"
"Ewing, A.J.",805999,121,"NYM","CF",21,"43","16","4.16","29.5"
"Fernandez, Jose",699912,109,"AZ","1B",22,"61","9","4.34","29.5"
"Hill, Derek",656537,143,"PHI","RF",30,"32","8","4.23","29.4"
"Smith, Cam",701358,117,"HOU","RF",23,"107","21","4.35","29.3"
"Crews, Dylan",686611,120,"WSH","RF",24,"46","3","4.26","29.3"
"Crow-Armstrong, Pete",691718,112,"CHC","CF",24,"96","19","4.27","29.3"
"Carrigg, Cole",694249,115,"COL","CF",24,"16","3",,"29.3"
"Young, Jacob",696285,120,"WSH","CF",26,"91","13","4.30","29.3"
"Mangum, Jake",663968,134,"PIT","CF",30,"90","18","4.07","29.3"
"Taylor, Samad",669392,135,"SD","LF",27,"17","2",,"29.3"
"DeLuca, Jonny",676356,139,"TB","RF",27,"60","16","4.27","29.2"
"Lile, Daylen",695734,120,"WSH","LF",23,"116","20","4.20","29.2"
"Tolbert, Tyler",686475,118,"KC","LF",28,"12",,,"29.2"
"Lockridge, Brandon",663604,158,"MIL","LF",29,"43","7","4.30","29.2"
"Hamilton, David",666152,158,"MIL","SS",28,"64","34","4.03","29.1"
"Walker, Jordan",691023,138,"STL","RF",24,"108","12","4.35","29.1"
"Duran, Jarren",680776,111,"BOS","LF",29,"91","5","4.24","29.1"
"Thomas, Lane",657041,118,"KC","CF",30,"64","5","4.38","29.1"
"Taveras, Leody",665750,110,"BAL","CF",27,"81","19","4.27","29.0"
"Shaw, Matt",807713,112,"CHC","RF",24,"47","4","4.32","29.0"
"Rafaela, Ceddanne",678882,111,"BOS","CF",25,"114","8","4.17","29.0"
"Beavers, Dylan",687637,110,"BAL","RF",24,"45",,"4.23","29.0"
"Robert Jr., Luis",673357,121,"NYM","CF",28,"38","4","4.33","29.0"
"Taylor, Tyrone",621438,121,"NYM","CF",32,"36","2","4.43","29.0"
"Peña, Jeremy",665161,117,"HOU","SS",28,"65","5","4.37","29.0"
"Duran, Ezequiel",677649,140,"TEX","SS",27,"109","9","4.26","28.9"
"Tatis Jr., Fernando",665487,135,"SD","2B",27,"113","11","4.33","28.9"
"Waldschmidt, Ryan",814439,109,"AZ","CF",23,"43","1","4.32","28.9"
"Wiemer, Joey",686894,120,"WSH","RF",27,"31","1","4.27","28.9"
"Marte, Noelvi",682622,113,"CIN","RF",24,"33","1","4.41","28.9"
"Arroyo, Edwin",695490,113,"CIN","2B",22,"19",,,"28.9"
"Cook, Billy",695257,134,"PIT","CF",27,"11","2",,"28.9"
"Trout, Mike",545361,108,"LAA","CF",34,"83","5","4.42","28.8"
"Robles, Victor",645302,136,"SEA","RF",29,"25","5","4.36","28.8"
"Rodríguez, Julio",677594,136,"SEA","CF",25,"109","14","4.33","28.8"
"Lawlar, Jordan",691783,109,"AZ","CF",23,"10","3",,"28.8"
"Merrill, Jackson",701538,135,"SD","CF",23,"97","5","4.25","28.8"
"Gelof, Zack",680869,133,"ATH","3B",26,"83","6","4.36","28.8"
"Benson, Will",666181,113,"CIN","RF",28,"24","6",,"28.8"
"Carter, Evan",694497,140,"TEX","CF",23,"63","15","4.17","28.8"
"Kim, Hyeseong",808975,119,"LAD","SS",27,"52",,"4.09","28.8"
"Cronenworth, Jake",630105,135,"SD","2B",32,"37","1","4.27","28.8"
"Peters, Tristan",671976,145,"CWS","CF",26,"89","5","4.24","28.7"
"Montgomery, Braden",695731,145,"CWS","RF",23,"17",,,"28.7"
"Raley, Luke",670042,136,"SEA","RF",31,"59",,"4.30","28.7"
"Doyle, Brenton",686668,115,"COL","CF",28,"42","7","4.33","28.7"
"Turang, Brice",668930,158,"MIL","2B",26,"129","1","4.29","28.7"
"Keaschall, Luke",807712,142,"MIN","2B",23,"118","1","4.26","28.7"
"Perkins, Blake",663368,158,"MIL","LF",29,"46","2","4.33","28.7"
"Chourio, Jackson",694192,158,"MIL","LF",22,"61","16","4.21","28.7"
"Gonzales, Nick",693304,134,"PIT","3B",27,"120","1","4.35","28.6"
"Pratt, Cooper",806198,158,"MIL","SS",21,"11",,,"28.6"
"Frelick, Sal",686217,158,"MIL","RF",26,"124","8","4.24","28.6"
"Sosa, Edmundo",624641,143,"PHI","2B",30,"47","7","4.39","28.6"
"Ortiz, Joey",687401,158,"MIL","SS",27,"67","1","4.35","28.6"
"Sanoja, Javier",691594,146,"MIA","3B",23,"90","11","4.26","28.6"
"Harris, Dustin",687957,117,"HOU","LF",26,"23",,"4.19","28.6"
"Vilade, Ryan",668723,139,"TB","RF",27,"47",,"4.44","28.6"
"Benge, Carson",701807,121,"NYM","RF",23,"107","1","4.27","28.6"
"Langford, Wyatt",694671,140,"TEX","LF",24,"55","1","4.33","28.6"
"Barrosa, Jorge",678489,109,"AZ","CF",25,"36",,,"28.6"
"McLain, Matt",680574,113,"CIN","2B",26,"69",,"4.32","28.6"
"Langeliers, Shea",669127,133,"ATH","C",28,"98",,"4.51","28.5"
"Osuna, Alejandro",696030,140,"TEX","LF",23,"54",,"4.20","28.5"
"Peraza, Oswald",672724,108,"LAA","2B",26,"79",,"4.41","28.5"
"Church, Nathan",701675,138,"STL","LF",25,"84",,"4.24","28.5"
"Hernández, Heriberto",681715,146,"MIA","LF",26,"50",,"4.38","28.5"
"Stott, Bryson",681082,143,"PHI","2B",28,"92","1","4.27","28.5"
"Jones, Jahmai",663330,116,"DET","",28,"27",,"4.37","28.5"
"Rosario, Amed",642708,147,"NYY","3B",30,"37","2","4.42","28.5"
"Clarke, Denzel",672016,133,"ATH","CF",26,"21","4","4.31","28.5"
"Abrams, CJ",682928,120,"WSH","SS",25,"100","6","4.26","28.4"
"Steer, Spencer",668715,113,"CIN","LF",28,"96",,"4.44","28.4"
"Chisholm Jr., Jazz",665862,147,"NYY","2B",28,"74","5","4.22","28.4"
"Cruz, Oneil",665833,134,"PIT","CF",27,"100","8","4.37","28.4"
"Jones, Spencer",682987,147,"NYY","CF",25,"13","2",,"28.4"
"Hernández, Teoscar",606192,119,"LAD","LF",33,"67",,"4.39","28.4"
"Winn, Masyn",691026,138,"STL","SS",24,"100",,"4.33","28.4"
"De La Cruz, Elly",682829,113,"CIN","SS",24,"79","3","4.37","28.4"
"Vierling, Matt",663837,116,"DET","CF",29,"66","1","4.51","28.4"
"Domínguez, Jasson",691176,147,"NYY","DH",23,"27","1",,"28.4"
"Fraley, Jake",641584,139,"TB","RF",31,"27","1","4.27","28.4"
"Matthews, Brice",694728,117,"HOU","CF",24,"55","1","4.37","28.4"
"Keith, Colt",690993,116,"DET","3B",24,"82","1","4.30","28.4"
"Hoerner, Nico",663538,112,"CHC","2B",29,"151",,"4.36","28.4"
"Workman, Gage",669398,116,"DET","3B",26,"11",,,"28.3"
"Reyes, Felix",694025,143,"PHI","LF",25,"12",,,"28.3"
"Antonacci, Sam",803011,145,"CWS","LF",23,"93",,"4.32","28.3"
"Triolo, Jared",669707,134,"PIT","SS",28,"56",,"4.41","28.3"
"Bazzana, Travis",683953,114,"CLE","2B",23,"66",,"4.24","28.3"
"Castro, Willi",650489,115,"COL","2B",29,"82","1","4.25","28.3"
"Alexander, Blaze",677942,110,"BAL","3B",27,"66","2","4.43","28.3"
"Meckler, Wade",685133,108,"LAA","LF",26,"38","5","4.19","28.3"
"Meadows, Parker",678009,116,"DET","CF",26,"16",,,"28.3"
"Pérez, Wenceel",672761,116,"DET","RF",26,"69",,"4.28","28.2"
"Haase, Eric",606992,137,"SF","C",33,"18",,"4.49","28.2"
"Johnson, Bryce",669369,135,"SD","RF",30,"20","1",,"28.2"
"Caissie, Owen",683357,146,"MIA","RF",23,"59",,"4.29","28.2"
"Realmuto, J.T.",592663,143,"PHI","C",35,"64",,"4.42","28.2"
"Lopez, Otto",672640,146,"MIA","SS",27,"161","2","4.23","28.2"
"Loperfido, Joey",694388,117,"HOU","LF",27,"35","1","4.26","28.2"
"Holliday, Jackson",702616,110,"BAL","2B",22,"23","1","4.33","28.2"
"Swanson, Dansby",621020,112,"CHC","SS",32,"106","1","4.34","28.2"
"Williamson, Ben",810938,139,"TB","2B",25,"80",,"4.48","28.2"
"Caballero, José",676609,147,"NYY","SS",29,"85",,"4.27","28.2"
"Marsh, Brandon",669016,143,"PHI","LF",28,"91",,"4.39","28.2"
"Lee, Hao-Yu ",701678,116,"DET","2B",23,"34",,"4.39","28.2"
"Haggerty, Sam",664059,140,"TEX","",32,"16","1",,"28.2"
"Vargas, Miguel",678246,145,"CWS","3B",26,"79",,"4.38","28.2"
"Edwards, Xavier",669364,146,"MIA","2B",26,"131","1","4.23","28.2"
"Beck, Jordan",687597,115,"COL","LF",25,"28",,"4.41","28.2"
"Henderson, Gunnar",683002,110,"BAL","SS",25,"126","1","4.25","28.2"
"Pages, Andy",681624,119,"LAD","CF",25,"108",,"4.38","28.2"
"Loftin, Nick",679845,118,"KC","2B",27,"70",,"4.51","28.1"
"McGonigle, Kevin",805808,116,"DET","SS",21,"115","1","4.38","28.1"
"Schmitt, Casey",669477,137,"SF","LF",27,"90",,"4.52","28.1"
"Volpe, Anthony",683011,147,"NYY","SS",25,"36",,"4.38","28.1"
"Semien, Marcus",543760,121,"NYM","2B",35,"92",,"4.41","28.1"
"Nimmo, Brandon",607043,140,"TEX","RF",33,"112","2","4.24","28.1"
"Norby, Connor",681393,146,"MIA","1B",26,"73",,"4.51","28.1"
"Chapman, Matt",656305,137,"SF","3B",33,"126",,"4.44","28.1"
"Cowser, Colton",681297,110,"BAL","CF",26,"52",,"4.22","28.1"
"Sogard, Nick",686765,111,"BOS","2B",28,"21",,,"28.1"
"Durbin, Caleb",702332,111,"BOS","3B",26,"112",,"4.43","28.0"
"Black, Tyler",672012,158,"MIL","DH",25,"14",,,"28.0"
"Sullivan, Brett",664954,115,"COL","C",32,"33",,"4.36","28.0"
"Jiménez, Leo",677870,146,"MIA","3B",25,"31",,"4.44","28.0"
"Nishida, Rikuu",807747,145,"CWS","RF",25,"13","2",,"28.0"
"Thomas, Colby",687515,133,"ATH","RF",25,"20",,,"28.0"
"Abreu, Wilyer",677800,111,"BOS","RF",27,"96","2","4.29","28.0"
"Moniak, Mickey",666160,115,"COL","LF",28,"41",,"4.40","28.0"
"Cole, Zach",805904,117,"HOU","LF",25,"15","1",,"28.0"
"Adell, Jo",666176,108,"LAA","RF",27,"108",,"4.54","28.0"
"Laureano, Ramón",657656,135,"SD","LF",31,"59",,"4.30","28.0"
"Halpin, Petey",690984,114,"CLE","CF",24,"11",,,"28.0"
"House, Brady",691781,120,"WSH","3B",23,"67",,"4.45","28.0"
"Marsee, Jakob",805300,146,"MIA","CF",25,"81",,"4.36","28.0"
"O'Neill, Tyler",641933,110,"BAL","RF",31,"38",,"4.49","27.9"
"Slater, Austin",596103,139,"TB","RF",33,"26",,"4.43","27.9"
"Kreidler, Ryan",668952,142,"MIN","SS",28,"40",,"4.41","27.9"
"Clement, Ernie",676391,141,"TOR","2B",30,"133","1","4.35","27.9"
"Reynolds, Bryan",668804,134,"PIT","LF",31,"119",,"4.39","27.9"
"Mayo, Coby",691723,110,"BAL","3B",24,"57",,"4.47","27.9"
"Guzman, Denzer",694203,108,"LAA","3B",22,"19",,"4.51","27.9"
"Tovar, Ezequiel",678662,115,"COL","SS",24,"84",,"4.42","27.9"
"Muncy, Max",691777,133,"ATH","3B",23,"42",,"4.47","27.9"
"Meyers, Jake",676694,117,"HOU","CF",30,"45",,"4.50","27.9"
"Story, Trevor",596115,111,"BOS","SS",33,"64",,"4.41","27.9"
"Saggese, Thomas",695336,138,"STL","LF",24,"28",,"4.32","27.9"
"Shewmake, Braden",669699,117,"HOU","SS",28,"27",,"4.47","27.9"
"Call, Alex",669743,119,"LAD","LF",31,"54",,"4.34","27.8"
"Riley, Austin",663586,144,"ATL","3B",29,"97",,"4.56","27.8"
"Outman, James",681546,116,"DET","CF",29,"30",,,"27.8"
"Williams, Alika",675961,133,"ATH","SS",27,"16",,,"27.8"
"Jensen, Carter",695600,118,"KC","C",22,"78",,"4.36","27.8"
"Schuemann, Max",680474,147,"NYY","LF",29,"22",,,"27.8"
"Happ, Ian",664023,112,"CHC","LF",31,"94",,"4.41","27.8"
"Suzuki, Seiya",673548,112,"CHC","RF",31,"72",,"4.39","27.8"
"Williams, Carson",700246,139,"TB","SS",23,"10",,,"27.8"
"Callihan, Tyler",682997,134,"PIT","RF",26,"16",,,"27.8"
"Thomas, Alek",677950,109,"AZ","CF",26,"39",,"4.29","27.8"
"McKinstry, Zach",656716,116,"DET","2B",31,"59",,"4.33","27.8"
"Mesa Jr., Victor",683748,139,"TB","RF",24,"14",,,"27.8"
"Adames, Willy",642715,137,"SF","SS",30,"89",,"4.43","27.8"
"Martin, Austin",668885,142,"MIN","RF",27,"99",,"4.51","27.8"
"Walls, Taylor",670764,139,"TB","SS",29,"60",,"4.40","27.8"
"Giménez, Andrés",665926,141,"TOR","SS",27,"87","1","4.35","27.8"
"India, Jonathan",663697,118,"KC","2B",29,"14",,,"27.7"
"Mullins, Cedric",656775,139,"TB","CF",31,"43","2","4.34","27.7"
"Lewis, Royce",668904,142,"MIN","3B",27,"53",,"4.38","27.7"
"Garcia, Jhostynxon",691373,134,"PIT","CF",23,"15",,,"27.7"
"McCutchen, Andrew",457705,140,"TEX","",39,"20",,"4.51","27.7"
"Davis, Henry",680779,134,"PIT","C",26,"49",,"4.54","27.7"
"Hernaiz, Darell",687231,133,"ATH","SS",24,"40",,"4.33","27.7"
"Garcia, Maikel",672580,118,"KC","3B",26,"115",,"4.49","27.7"
"Martínez, Angel",682657,114,"CLE","LF",24,"88",,"4.40","27.7"
"Harris II, Michael",671739,144,"ATL","CF",25,"97",,"4.28","27.7"
"Tena, José",677588,120,"WSH","DH",25,"58",,"4.25","27.7"
"Dezenzo, Zach",701305,117,"HOU","LF",26,"24",,"4.55","27.7"
"Yorke, Nick",694377,134,"PIT","3B",24,"36",,"4.53","27.7"
"Tawa, Tim",694374,109,"AZ","LF",27,"27",,"4.47","27.6"
"Lopez, Nicky",670032,140,"TEX","2B",31,"35",,"4.22","27.6"
"Rodriguez, Jesus",683679,137,"SF","C",24,"17",,"4.48","27.6"
"Schneemann, Daniel",682177,114,"CLE","CF",29,"63",,"4.43","27.6"
"Young, Cole",702284,136,"SEA","2B",22,"100",,"4.35","27.6"
"Ramírez, Pedro",699393,112,"CHC","2B",22,"17","1",,"27.6"
"Clemens, Kody",665019,142,"MIN","1B",30,"78","1","4.33","27.6"
"Wilson, Weston",642215,136,"SEA","3B",31,"14",,,"27.6"
"Wood, James",695578,120,"WSH","RF",23,"92","4","4.23","27.6"
"Thompson, Sterlin",694514,115,"COL","DH",25,"30",,"4.46","27.6"
"Wetherholt, JJ",802139,138,"STL","2B",23,"102",,"4.23","27.6"
"Pereira, Everson",677592,145,"CWS","RF",25,"26",,"4.40","27.6"
"Neto, Zach",687263,108,"LAA","SS",25,"79",,"4.41","27.6"
"Altuve, Jose",514888,117,"HOU","2B",36,"89","6","4.35","27.6"
"Myers, Dane",667472,113,"CIN","CF",30,"32",,,"27.6"
"Rooker, Brent",667670,133,"ATH","DH",31,"47",,"4.57","27.6"
"Ramírez, José",608070,114,"CLE","3B",33,"99",,"4.39","27.6"
"Millas, Drew",686452,120,"WSH","C",28,"51",,"4.40","27.6"
"Freeman, Tyler",671289,115,"COL","RF",27,"73",,"4.53","27.6"
"Dingler, Dillon",693307,116,"DET","C",27,"100",,"4.51","27.6"
"Foscue, Justin",679822,140,"TEX","2B",27,"26",,"4.44","27.6"
"Velázquez, Nelson",676369,138,"STL","LF",27,"16",,,"27.5"
"Kim, Ha-Seong",673490,144,"ATL","SS",30,"21",,"4.53","27.5"
"Smith, Josh",669701,140,"TEX","2B",28,"34",,"4.40","27.5"
"Andujar, Miguel",609280,135,"SD","DH",31,"92",,"4.44","27.5"
"Young, Jared",676724,121,"NYM","1B",30,"41",,"4.38","27.5"
"Ohtani, Shohei",660271,119,"LAD","DH",31,"97",,"4.19","27.5"
"Bader, Harrison",664056,137,"SF","CF",32,"38",,"4.44","27.5"
"Rocchio, Brayan",677587,114,"CLE","SS",25,"104",,"4.48","27.5"
"Lowe, Josh",666139,108,"LAA","LF",28,"29","2","4.30","27.5"
"Bellinger, Cody",641355,147,"NYY","LF",30,"100",,"4.23","27.5"
"Fermín, José",665877,138,"STL","LF",27,"45",,"4.37","27.4"
"Kiner-Falefa, Isiah",643396,111,"BOS","2B",31,"57",,"4.43","27.4"
"Durán, Rodolfo",660710,135,"SD","C",28,"22",,,"27.4"
"Anthony, Roman",701350,111,"BOS","LF",22,"46",,"4.42","27.4"
"Collins, Isaac",686555,118,"KC","LF",28,"83",,"4.44","27.4"
"Ward, Taylor",621493,110,"BAL","LF",32,"113",,"4.50","27.4"
"Rushing, Dalton",687221,119,"LAD","C",25,"41",,"4.43","27.4"
"Rivas, Leo",660844,136,"SEA","3B",28,"33",,,"27.4"
"Isbel, Kyle",664728,118,"KC","CF",29,"64",,"4.48","27.4"
"Wong, Connor",657136,111,"BOS","C",30,"41",,"4.53","27.4"
"Mayer, Marcelo",691785,111,"BOS","2B",23,"86",,"4.46","27.3"
"Song, Sung-Mun",823550,135,"SD","2B",29,"20",,"4.32","27.4"
"Acuña Jr., Ronald",660670,144,"ATL","RF",28,"60","1","4.42","27.3"
"Gilbert, Drew",687551,137,"SF","CF",25,"69",,"4.37","27.4"
"Naylor, Bo",666310,114,"CLE","C",26,"25",,"4.41","27.3"
"Ramírez, Agustín",682663,146,"MIA","C",24,"50",,"4.67","27.3"
"Jackson, Alex",656577,142,"MIN","C",30,"15",,,"27.3"
"Nootbaar, Lars",663457,138,"STL","LF",28,"20",,,"27.3"
"Torres, Bryan",663494,138,"STL","LF",28,"18",,"4.35","27.3"
"Bleday, JJ",668709,113,"CIN","LF",28,"61",,"4.41","27.3"
"Meidroth, Chase",805367,145,"CWS","2B",24,"122",,"4.43","27.3"
"Hays, Austin",669720,145,"CWS","LF",30,"19",,"4.50","27.3"
"Grichuk, Randal",545341,145,"CWS","LF",34,"31",,"4.59","27.3"
"Burger, Jake",669394,140,"TEX","1B",30,"104",,"4.48","27.3"
"Goodman, Hunter",696100,115,"COL","C",26,"67",,"4.56","27.3"
"Soderstrom, Tyler",691016,133,"ATH","LF",24,"119",,"4.40","27.3"
"Short, Zack",670097,121,"NYM","SS",31,"10",,,"27.2"
"Feduccia, Hunter",676439,139,"TB","C",29,"22",,,"27.2"
"Castellanos, Nick",592206,135,"SD","RF",34,"31",,"4.46","27.2"
"Yelich, Christian",592885,158,"MIL","DH",34,"83",,"4.45","27.2"
"Lee, Jung Hoo",808982,137,"SF","RF",27,"139",,"4.31","27.2"
"Báez, Javier",595879,116,"DET","SS",33,"36",,"4.48","27.2"
"Emerson, Colt",806068,136,"SEA","3B",20,"35",,"4.34","27.2"
"Ramos, Heliot",671218,137,"SF","LF",26,"70",,"4.50","27.2"
"Conine, Griffin",665052,146,"MIA","LF",28,"13",,,"27.2"
"Smith, Will",669257,119,"LAD","C",31,"50",,"4.59","27.2"
"Correa, Carlos",621043,117,"HOU","SS",31,"58",,"4.61","27.2"
"Murakami, Munetaka",808959,145,"CWS","1B",26,"59",,"4.37","27.2"
"Varsho, Daulton",662139,141,"TOR","CF",29,"90",,"4.33","27.2"
"Palacios, Richie",680700,139,"TB","2B",29,"61",,"4.37","27.2"
"Bogaerts, Xander",593428,135,"SD","SS",33,"110",,"4.46","27.1"
"Caglianone, Jac",695506,118,"KC","RF",23,"103",,"4.43","27.2"
"Wilson, Jacob",805779,133,"ATH","SS",24,"90","1","4.49","27.2"
"Rengifo, Luis",650859,158,"MIL","3B",29,"106",,"4.35","27.1"
"Harper, Bryce",547180,143,"PHI","1B",33,"111",,"4.48","27.1"
"Yastrzemski, Mike",573262,144,"ATL","LF",35,"68",,"4.41","27.1"
"Vargas, Ildemaro",545121,109,"AZ","1B",34,"103","1","4.42","27.1"
"Albies, Ozzie",645277,144,"ATL","2B",29,"121",,"4.27","27.1"
"Contreras, Willson",575929,111,"BOS","1B",34,"91",,"4.59","27.1"
"Allen, Nick",669397,117,"HOU","SS",27,"27",,"4.50","27.1"
"Ward, Ryan",669899,119,"LAD","LF",28,"17",,,"27.1"
"Karros, Kyle",691720,115,"COL","3B",23,"96",,"4.57","27.1"
"Melendez, MJ",669004,121,"NYM","DH",27,"27",,,"27.1"
"O'Hoppe, Logan",681351,108,"LAA","C",26,"60",,"4.54","27.0"
"Arozarena, Randy",668227,136,"SEA","LF",31,"110",,"4.44","27.0"
"Joe, Connor",656582,136,"SEA","RF",33,"12",,,"27.0"
"Susac, Daniel",691740,137,"SF","C",25,"32",,"4.60","27.0"
"Fermin, Freddy",666023,135,"SD","C",31,"43",,"4.57","27.0"
"Piñango, Yohendrick",682818,141,"TOR","LF",24,"50",,"4.50","27.0"
"Hayes, Ke'Bryan",663647,113,"CIN","3B",29,"34",,"4.59","27.0"
"Fortes, Nick",663743,139,"TB","C",29,"85",,"4.49","27.0"
"Bauers, Jake",641343,158,"MIL","1B",30,"103",,"4.48","27.0"
"Mead, Curtis",678554,120,"WSH","3B",25,"74",,"4.66","27.0"
"Stephenson, Tyler",663886,113,"CIN","C",29,"40",,"4.60","27.0"
"Muncy, Max",571970,119,"LAD","3B",35,"75",,"4.42","27.0"
"Jackson, Jeremiah",669236,110,"BAL","2B",26,"73",,"4.66","26.9"
"Murray, Tanner",695020,145,"CWS","LF",26,"11",,,"26.9"
"Larnach, Trevor",663616,142,"MIN","LF",29,"80",,"4.58","26.9"
"Morel, Christopher",666624,146,"MIA","1B",27,"19",,,"26.9"
"Perdomo, Geraldo",672695,109,"AZ","SS",26,"116",,"4.56","26.9"
"Jansen, Danny",643376,140,"TEX","C",31,"36",,"4.59","26.9"
"Freeland, Alex",690976,119,"LAD","2B",24,"62",,"4.51","26.9"
"Schneider, Davis",676914,141,"TOR","LF",27,"25",,,"26.9"
"Vivas, Jorbit",678391,120,"WSH","3B",25,"63",,"4.51","26.9"
"Refsnyder, Rob",608701,136,"SEA","DH",35,"29",,"4.55","26.9"
"Lowe, Brandon",664040,134,"PIT","2B",31,"96",,"4.32","26.9"
"Baty, Brett",683146,121,"NYM","3B",26,"96",,"4.43","26.9"
"Lindor, Francisco",596019,121,"NYM","SS",32,"38",,,"26.9"
"Rodríguez, Endy",682848,134,"PIT","C",26,"23",,,"26.8"
"Springer, George",543807,141,"TOR","DH",36,"77",,"4.65","26.8"
"Massey, Michael",686681,118,"KC","2B",28,"68",,"4.49","26.8"
"Madrigal, Nick",663611,108,"LAA","2B",29,"26",,"4.37","26.8"
"Dubón, Mauricio",643289,144,"ATL","LF",31,"104",,"4.44","26.8"
"Crooks, Jimmy",699625,138,"STL","C",24,"10",,,"26.8"
"Groover, LuJames",694410,109,"AZ","1B",24,"16",,,"26.8"
"Grissom, Vaughn",687093,108,"LAA","1B",25,"67",,"4.61","26.8"
"Kelenic, Jarred",672284,140,"TEX","RF",26,"15",,,"26.8"
"Monasterio, Andruw",655316,111,"BOS","DH",29,"40",,"4.51","26.7"
"Rice, Ben",700250,147,"NYY","1B",27,"101",,"4.58","26.7"
"Betts, Mookie",605141,119,"LAD","SS",33,"46",,"4.59","26.7"
"Urías, Ramón",602104,138,"STL","3B",32,"22",,"4.66","26.7"
"Grisham, Trent",663757,147,"NYY","CF",29,"86",,"4.51","26.7"
"Judge, Aaron",592450,147,"NYY","RF",34,"76","1","4.84","26.7"
"Sosa, Lenyn",672820,141,"TOR","2B",26,"40",,"4.72","26.7"
"Gasper, Mickey",681508,111,"BOS","DH",30,"38",,"4.43","26.7"
"Arraez, Luis",650333,137,"SF","2B",29,"143",,"4.55","26.7"
"Carpenter, Kerry",681481,116,"DET","RF",28,"33",,"4.47","26.7"
"Kwan, Steven",680757,114,"CLE","CF",28,"105",,"4.33","26.7"
"Trammell, Taylor",666211,117,"HOU","CF",28,"27",,,"26.7"
"Friedl, TJ",670770,113,"CIN","CF",30,"50",,"4.44","26.7"
"DeLauter, Chase",800050,114,"CLE","RF",24,"98",,"4.48","26.7"
"Encarnacion, Jerar",666464,137,"SF","RF",28,"14",,,"26.7"
"Sheets, Gavin",657757,135,"SD","1B",30,"80",,"4.49","26.6"
"Lukes, Nathan",664770,141,"TOR","RF",31,"70",,"4.45","26.6"
"O'Hearn, Ryan",656811,134,"PIT","RF",32,"89",,"4.59","26.6"
"Julien, Edouard",666397,115,"COL","2B",27,"65",,"4.52","26.6"
"Montgomery, Colson",695657,145,"CWS","SS",24,"62",,"4.65","26.6"
"Greene, Riley",682985,116,"DET","LF",25,"86",,"4.72","26.6"
"Kurtz, Nick",701762,133,"ATH","1B",23,"84",,"4.49","26.6"
"García Jr., Luis",671277,120,"WSH","1B",26,"101",,"4.35","26.5"
"Brito, Juan",682877,114,"CLE","2B",24,"24",,,"26.5"
"Bohm, Alec",664761,143,"PHI","3B",29,"122",,"4.69","26.5"
"García, Adolis",666969,143,"PHI","RF",33,"68",,"4.50","26.5"
"Rutschman, Adley",668939,110,"BAL","C",28,"79",,"4.48","26.5"
"Arias, Gabriel",672356,114,"CLE","SS",26,"16",,,"26.5"
"Torkelson, Spencer",679529,116,"DET","1B",26,"61",,"4.73","26.5"
"Marte, Ketel",606466,109,"AZ","2B",32,"111",,"4.57","26.5"
"Espinal, Santiago",669289,119,"LAD","3B",31,"23",,"4.44","26.4"
"Marchán, Rafael",665561,143,"PHI","C",27,"21",,,"26.4"
"Moncada, Yoán",660162,108,"LAA","3B",31,"27",,"4.39","26.4"
"Torrens, Luis",620443,121,"NYM","C",30,"65",,"4.68","26.4"
"Canzone, Dominic",686527,136,"SEA","DH",28,"62",,"4.49","26.4"
"Stewart, Sal",701398,113,"CIN","1B",22,"93",,"4.71","26.4"
"Baldwin, Drake",686948,144,"ATL","C",25,"76",,"4.38","26.4"
"Benintendi, Andrew",643217,145,"CWS","DH",31,"68",,"4.52","26.4"
"Walton, Donovan",622268,108,"LAA","3B",32,"33",,"4.46","26.4"
"Lee, Brooks",686797,142,"MIN","SS",25,"112",,"4.43","26.4"
"Pauley, Graham",688363,146,"MIA","3B",25,"35",,"4.60","26.4"
"Stowers, Kyle",669065,146,"MIA","LF",28,"67",,"4.55","26.4"
"Bart, Joey",663698,144,"ATL","C",29,"22",,"4.68","26.3"
"Okamoto, Kazuma",672960,141,"TOR","3B",30,"88",,"4.48","26.3"
"Sánchez, Jesús",660821,141,"TOR","RF",28,"76",,"4.56","26.3"
"Mack, Joe",691788,146,"MIA","C",23,"39",,"4.62","26.3"
"Moreno, Gabriel",672515,109,"AZ","C",26,"76",,"4.46","26.3"
"Johnston, Troy",687859,115,"COL","RF",29,"97",,"4.47","26.3"
"Butler, Lawrence",671732,133,"ATH","CF",25,"71",,"4.47","26.3"
"Jeffers, Ryan",680777,142,"MIN","C",29,"49",,"4.74","26.3"
"Caminero, Junior",691406,139,"TB","3B",22,"124",,"4.64","26.3"
"Del Castillo, Adrian",680728,109,"AZ","DH",26,"33",,"4.54","26.3"
"Gonzalez, Jacob",694378,145,"CWS","1B",24,"13",,,"26.3"
"Tucker, Kyle",663656,119,"LAD","RF",29,"91",,"4.56","26.2"
"Yoshida, Masataka",807799,111,"BOS","DH",32,"71",,"4.40","26.2"
"Rogers, Jake",668670,116,"DET","C",31,"18",,,"26.2"
"Eldridge, Bryce",805811,137,"SF","DH",21,"47",,"4.50","26.2"
"Frazier, Adam",624428,108,"LAA","2B",34,"31",,"4.64","26.2"
"Escarra, J.C.",641555,147,"NYY","C",31,"41",,"4.57","26.2"
"Devers, Rafael",646240,137,"SF","1B",29,"106",,"4.58","26.2"
"Fry, David",681807,114,"CLE","DH",30,"41",,"4.80","26.2"
"Romo, Drew",691011,145,"CWS","C",24,"32",,"4.56","26.1"
"Rojas, Miguel",500743,119,"LAD","SS",37,"53",,"4.58","26.1"
"Gray, Tristan",656484,142,"MIN","SS",30,"39",,"4.63","26.1"
"Conforto, Michael",624424,112,"CHC","RF",33,"33",,,"26.1"
"Gurriel Jr., Lourdes",666971,109,"AZ","LF",32,"34",,"4.62","26.1"
"Heineman, Tyler",623168,108,"LAA","C",35,"30",,"4.54","26.0"
"Guerrero Jr., Vladimir",665489,141,"TOR","1B",27,"120",,"4.58","26.0"
"Bichette, Bo",666182,121,"NYM","SS",28,"119",,"4.71","26.0"
"Jiménez, Eloy",650391,141,"TOR","DH",29,"12",,,"26.0"
"Bregman, Alex",608324,112,"CHC","3B",32,"108",,"4.65","26.0"
"Wallner, Matt",670242,142,"MIN","RF",28,"35",,"4.43","26.0"
"Smith, Dominic",642086,144,"ATL","DH",31,"56",,"4.55","26.0"
"Cortes, Carlos",666126,133,"ATH","RF",29,"85",,"4.58","26.0"
"Díaz, Yandy",650490,139,"TB","DH",34,"124",,"4.66","25.9"
"Walker, Christian",572233,117,"HOU","1B",35,"118",,"4.71","25.9"
"Jung, Josh",673962,140,"TEX","3B",28,"126",,"4.72","25.9"
"Bell, Josh",605137,142,"MIN","DH",33,"100",,"4.74","25.9"
"Schanuel, Nolan",694384,108,"LAA","1B",24,"106",,"4.59","25.8"
"Soto, Juan",665742,121,"NYM","LF",27,"81",,"4.49","25.8"
"Hicks, Liam",689414,146,"MIA","C",27,"112",,"4.63","25.8"
"Campusano, Luis",669134,135,"SD","C",27,"17",,,"25.8"
"Busch, Michael",683737,112,"CHC","1B",28,"109",,"4.64","25.8"
"Schwarber, Kyle",656941,143,"PHI","DH",33,"55",,"4.56","25.8"
"Herrera, Iván",671056,138,"STL","DH",26,"130",,"4.73","25.8"
"McNeil, Jeff",643446,133,"ATH","2B",34,"83",,"4.42","25.8"
"Wagner, Will",695238,135,"SD","DH",27,"15",,,"25.8"
"Jordan, Blaze",691458,138,"STL","3B",23,"20",,,"25.8"
"Lowe, Nathaniel",663993,113,"CIN","DH",30,"63",,"4.64","25.8"
"Raleigh, Cal",663728,136,"SEA","C",29,"39",,"4.62","25.8"
"Burleson, Alec",676475,138,"STL","1B",27,"116",,"4.47","25.8"
"Kelly, Carson",608348,112,"CHC","C",31,"69",,"4.81","25.7"
"Pasquantino, Vinnie",686469,118,"KC","1B",28,"78",,"4.74","25.7"
"Suárez, Eugenio",553993,113,"CIN","DH",34,"49",,"4.79","25.7"
"McMahon, Ryan",641857,147,"NYY","3B",31,"49",,"4.59","25.7"
"Vientos, Mark",668901,121,"NYM","1B",26,"75",,"4.77","25.7"
"Valenzuela, Brandon",678218,141,"TOR","C",25,"43",,"4.76","25.6"
"Vaughn, Andrew",683734,158,"MIL","1B",28,"53",,"4.79","25.6"
"Marte, Starling",516782,118,"KC","RF",37,"31",,"4.55","25.6"
"Pagés, Pedro",686780,138,"STL","C",27,"40",,"4.77","25.6"
"Diaz, Yainer",673237,117,"HOU","C",27,"59",,"4.48","25.6"
"Soler, Jorge",624585,108,"LAA","DH",34,"65",,"4.88","25.5"
"Aranda, Jonathan",666018,139,"TB","1B",28,"83",,"4.59","25.5"
"Contreras, William",661388,158,"MIL","C",28,"108",,"4.66","25.5"
"Wells, Austin",669224,147,"NYY","C",26,"38",,"4.66","25.5"
"Manzardo, Kyle",700932,114,"CLE","1B",25,"56",,"4.62","25.5"
"Ozuna, Marcell",542303,134,"PIT","DH",35,"42",,"4.88","25.5"
"McCann, James",543510,109,"AZ","C",36,"25",,"4.75","25.5"
"Valera, George",671655,114,"CLE","LF",25,"16",,,"25.5"
"Rivero, Sebastián",665861,108,"LAA","C",27,"16",,,"25.5"
"Crawford, J.P.",641487,136,"SEA","SS",31,"67",,"4.65","25.5"
"Heim, Jonah",641680,133,"ATH","C",31,"41",,"4.90","25.5"
"Arcia, Orlando",606115,142,"MIN","SS",31,"27",,"4.76","25.5"
"Alvarez, Francisco",682626,121,"NYM","C",24,"64",,"4.72","25.4"
"Polanco, Jorge",593871,121,"NYM","DH",32,"20",,,"25.3"
"Arenado, Nolan",571448,109,"AZ","3B",35,"83",,"4.76","25.3"
"Olson, Matt",621566,144,"ATL","1B",32,"106",,"4.77","25.3"
"Pederson, Joc",592626,140,"TEX","DH",34,"68",,"4.64","25.3"
"Ruiz, Keibert",660688,120,"WSH","C",27,"68",,"4.78","25.3"
"Alonso, Pete",624413,110,"BAL","1B",31,"92",,"4.84","25.2"
"Narváez, Carlos",665966,111,"BOS","C",27,"41",,"4.90","25.2"
"Garver, Mitch",641598,136,"SEA","C",35,"26",,,"25.2"
"Basallo, Samuel",694212,110,"BAL","C",21,"65",,"4.84","25.2"
"Gorman, Nolan",669357,138,"STL","3B",26,"52",,"4.55","25.2"
"Donovan, Brendan",680977,136,"SEA","3B",29,"35",,"4.58","25.2"
"Amaya, Miguel",665804,112,"CHC","C",27,"39",,"4.75","25.1"
"Torres, Gleyber",650402,116,"DET","2B",29,"73",,"4.81","25.1"
"Goldschmidt, Paul",502671,147,"NYY","1B",38,"66",,"4.74","25.1"
"Freeman, Freddie",518692,119,"LAD","1B",36,"114",,"4.73","25.1"
"Chaparro, Andrés",665953,120,"WSH","1B",27,"15",,,"25.1"
"Seager, Corey",608369,140,"TEX","SS",32,"54",,"4.78","25.0"
"d'Arnaud, Travis",518595,108,"LAA","C",37,"12",,,"25.0"
"Paredes, Isaac",670623,117,"HOU","3B",27,"68",,"4.95","25.0"
"Bailey, Patrick",672275,114,"CLE","C",27,"51",,"4.89","24.9"
"Alvarez, Yordan",670541,117,"HOU","DH",29,"76",,"4.77","24.9"
"Machado, Manny",592518,135,"SD","3B",33,"84",,"4.73","24.9"
"Wynns, Austin",642851,144,"ATL","C",35,"16",,,"24.9"
"France, Ty",664034,135,"SD","1B",31,"62",,"4.88","24.9"
"Hoskins, Rhys",656555,114,"CLE","1B",33,"58",,"4.93","24.9"
"Horwitz, Spencer",687462,134,"PIT","1B",28,"98",,"4.76","24.9"
"Rumfield, TJ",681198,115,"COL","1B",26,"107",,"4.75","24.7"
"Higashioka, Kyle",543309,140,"TEX","C",36,"34",,"4.85","24.7"
"Pozo, Yohel",650968,138,"STL","DH",29,"14",,,"24.6"
"Ballesteros, Moisés",694208,112,"CHC","DH",22,"54",,"4.75","24.6"
"Smith, Pavin",656976,109,"AZ","DH",30,"16",,,"24.6"
"Hedges, Austin",595978,114,"CLE","C",33,"43",,"5.04","24.6"
"Caratini, Victor",605170,142,"MIN","C",32,"63",,"4.94","24.4"
"Díaz, Elias",553869,140,"TEX","C",35,"16",,,"24.4"
"Pereda, Jhonny",640902,136,"SEA","C",30,"20",,,"24.4"
"Naylor, Josh",647304,136,"SEA","1B",29,"99",,"4.77","24.4"
"Sánchez, Gary",596142,158,"MIL","C",33,"40",,"4.78","24.3"
"Quero, Edgar",700337,145,"CWS","C",23,"50",,"4.89","24.1"
"Perez, Salvador",521692,118,"KC","C",36,"92",,"4.95","23.9"
"Stanton, Giancarlo",519317,147,"NYY","DH",36,"25",,,"23.8"
"Trevino, Jose",624431,113,"CIN","C",33,"17",,"4.90","23.8"
"Vázquez, Christian",543877,117,"HOU","C",35,"59",,"5.08","23.3"
"Kirk, Alejandro",672386,141,"TOR","C",27,"13",,,"22.7"
"León, Sandy",506702,144,"ATL","C",37,"11",,,"22.1"